id,bug详情,复现步骤,审核状态,重复情况,提交时间
1,打开app进入首页面，点击必备后直接闪退！,打开app进入首页面，点击必备后直接闪退！,审核通过,22,2016-05-20 18:24:51
2,打开app进入首页面，点击必备后直接闪退！,打开app进入首页面，点击必备后直接闪退！,审核通过,22,2016-05-20 18:25:00
3,点击个人中赚零花钱会闪退,本机为华为p6，本机自带的安卓4.1系统，打开软件-点击赚零花钱-闪退,审核通过,0,2016-05-20 18:25:05
4,打开软件中点击个人界面中的我的活动会闪退,本机为华为p6，本机自带的安卓4.1系统，打开软件-点击我的活动-闪退,审核不通过,0,2016-05-20 18:25:22
5,打开软件-点击才你喜欢-闪退,本机为华为p6，自带的安卓4.1系统，打开软件-我-点击猜你喜欢-闪退,审核不通过,0,2016-05-20 18:25:25
6,点击赚钱或必备，程序会闪退,主页面中间5个分类，前3个没问题，但是第4个“必备”和第五个“赚钱”无法进入相关页面，而且app还闪退,审核通过,22,2016-05-20 18:25:34
7,点击主页面任一游戏下载，进入下载页，在界面的右下方点“朋友圈”，app自动退出，或者出现黑屏后自动退出。,点击主页面任一游戏下载，进入下载页，在界面的右下方点“朋友圈”，app自动退出，或者出现黑屏后自动退出。,审核通过,15,2016-05-20 18:25:40
8,在体验过程中，全屏的广告经常弹出，严重影响使用感受。,在体验过程中，全屏的广告经常弹出，严重影响使用感受。,审核通过,26,2016-05-20 18:25:45
9,广场---“全部活动”app黑屏后自动退出。,广场---“全部活动”app黑屏后自动退出。,审核通过,24,2016-05-20 18:25:54
10,我--商店---快速赚盒币---点击后系统黑后自动退出,我--商店---快速赚盒币---点击后系统黑后自动退出,审核通过,12,2016-05-20 18:26:01
11,我---赚零花钱--点击后，系统黑屏，自动退出。,我---赚零花钱--点击后，系统黑屏，自动退出。,审核不通过,24,2016-05-20 18:26:09
12,我--我的任务--进入界面--点击上方个人头像，系统黑屏后自动退出,我--我的任务--进入界面--点击上方个人头像，系统黑屏后自动退出,审核不通过,21,2016-05-20 18:26:12
13,我---我的活动---，点击后系统自动退出。,我---我的活动---，点击后系统自动退出。,审核不通过,24,2016-05-20 18:26:15
14,点击游戏圈 文章程序闪退,点击游戏圈 文章程序闪退，百分百出现，闪退无法截图没有bug日志！,审核通过,22,2016-05-20 18:26:24
15,没次启动app，均会弹出广告页面,没次启动app，总会弹出广告窗口，点击后打开广告网页,审核通过,26,2016-05-20 18:26:30
16,在未登陆状态下，我的页面点击我的游戏，显示无游戏，而非正常的未登陆提示，建议改进,在未登陆状态下，我的页面点击我的游戏，显示无游戏，而非正常的未登陆提示，建议改进,审核通过,13,2016-05-20 18:26:42
17,在未登陆条件下，点击我的活动，app异常退出,在未登陆条件下，在我的页面点击我的活动，app异常退出，而非提示未登陆,审核通过,13,2016-05-20 18:26:52
18,注册账户登陆后，app顶端出现广告，布局不合理,注册账户登陆后，app顶端出现广告，布局不合理，建议改进,审核通过,26,2016-05-20 18:26:57
19,进入app主界面，2秒后必定出现广告 覆盖全屏,进入app主界面，2秒后必定出现广告并覆盖全屏，如下图,审核通过,26,2016-05-20 18:27:03
20,退出软件再次进入app主页面，上方广告栏变黑条，不显示,退出软件再次进入app主页面，上方广告栏变黑条，不显示,审核通过,21,2016-05-20 18:27:08
21,进入app主页面，推荐下方点击”必备“、”赚钱“会导致软件黑屏并退出,"1.进入app主页面，推荐下方有”新游“、 ”无敌“、”网游“、”必备“、”赚钱“
2.点击”必备“、”赚钱“进去必定导致软件黑屏并退出",审核通过,13,2016-05-20 18:27:23
22,打开app，在任何界面隔一段时间就会弹出广告，有全屏广告，也有顶端贴边广告。,打开app，在任何界面隔一段时间就会弹出广告，有全屏广告，也有顶端贴边广告。广告内容有中了一台手机，获得了金币，等等，影响非常不好。会诱导用户点击广告。,审核通过,26,2016-05-20 18:27:30
23,主页点击赚钱界面闪退,"1,打开app进入主页2,点击主页界面上赚钱按钮出现闪退",审核通过,25,2016-05-20 18:27:36
24,主页点击必备界面闪退,"1,打开app进入主页推荐界面2,点击必备选项出现闪退。",审核不通过,25,2016-05-20 18:27:40
25,找游戏分类界面点击手机必备出现闪退,"1,打开app进入主页2,点击分类选项3,点击8大选项第8个选项（手机必备）出现闪退",审核不通过,25,2016-05-20 18:27:44
26,广场目录中查看全部活动闪退,"1,打开app2,选择打开广场3，查看活动点击查看全部活动是闪退",审核不通过,25,2016-05-20 18:27:48
27,广场目录中查看全部圈子闪退,"1,打开app进入广场选项2,查看圈子往下翻点击查看全部圈子时闪退",审核不通过,25,2016-05-20 18:27:51
28,个人中心赚零花钱出现闪退,"1,打开app点击个人中心2，点击进入赚零花钱出现闪退",审核不通过,6,2016-05-20 18:27:55
29,个人中心我的活动出现闪退,"1，打开app进入个人中心2,点击我的活动出现闪退",审核不通过,6,2016-05-20 18:28:00
30,个人中心猜你喜欢出现闪退,"1,打开app进入个人中心2,点击猜你喜欢出现闪退",审核不通过,6,2016-05-20 18:28:04
31,广场里点击全部游戏闪退,"1.进入app
2.广场
3.点击全部活动（61），程序闪退",审核通过,22,2016-05-20 18:28:10
32,点击“今日更新1268个帖子，点击查看”，闪退,"1.进入app
2.游戏圈
3.爆笑一刻
4.点击“今日更新1268个帖子，点击查看”，闪退",审核不通过,25,2016-05-20 18:30:27
33,爆笑一刻，点击第一个图片，无法查看详情，闪退,1.进入app 2.游戏圈 3.爆笑一刻 4.点击第一个图片，无法查看详情，闪退,审核不通过,25,2016-05-20 18:30:32
34,发现手机下拉框有游戏通知，点击无法查看，闪退,发现手机下拉框有游戏通知，点击无法查看，闪退,审核不通过,25,2016-05-20 18:30:35
35,点击.赚钱，程序闪退,1.进入app 2.找游戏 3.赚钱，点击，程序闪退,审核不通过,22,2016-05-20 18:30:38
36,首页点击“必备”程序闪退,1.进入app 2.找游戏 3。必备，点击，程序闪退,审核不通过,22,2016-05-20 18:30:41
37,点击“必备”会导致app黑屏1秒左右然后退出,登陆app后，“找游戏”的推荐――上方的“必备”点击会导致无任何提示就退出。,审核通过,13,2016-05-20 18:30:48
38,点击“赚钱”会导致app黑屏1秒左右然后退出,登陆app后，“赚钱”的推荐――上方的“必备”点击会导致无任何提示就退出。,审核不通过,13,2016-05-20 18:30:52
39,点击“手机必备”会导致app黑屏1秒左右然后退出,登陆app后，“找游戏”的“分类”――上方的“手机必备”点击会导致无任何提示就退出。,审核不通过,13,2016-05-20 18:30:56
40,点击“头像”会导致app无任何提示退出,登陆app后，“我”点击头像，会导致无任何提示就退出软件。,审核不通过,13,2016-05-20 18:30:59
41,点击“赚零花钱”会导致app无任何提示退出,登陆app后，“我”――点击”赚零花钱“会导致app无任何提示退出,审核不通过,13,2016-05-20 18:31:08
42,点击“我的活动”会导致app无任何提示退出,登陆app后，“我”――点击”我的活动“会导致app无任何提示退出,审核不通过,13,2016-05-20 18:31:11
43,点击“猜你喜欢”会导致app无任何提示退出,登陆app后，“我”――点击”猜你喜欢“会导致app无任何提示退出,审核不通过,13,2016-05-20 18:31:14
44,点击签到，无法正常签到,登陆app后，“我”――点击”每日签到“然后点击进行签到。重新在进去的时候显示依旧一样。,审核不通过,17,2016-05-20 18:31:18
45,新用户用手机进行注册，输入错误的手机号，会提示“用户已经被注册”,新用户用手机进行注册，输入错误的手机号，会提示“用户已经被注册”,审核不通过,23,2016-05-20 18:31:22
46,广告太多 太频繁 ，严重 影响体验  让人觉得 这哪里是款有关游戏的软件，完全是广告平台,"1，进入软件
2，刚准备进入主页面 就遇到vipabc 45分钟英文广告，点击后直接进入广告页面 而不是软件页面",审核通过,26,2016-05-20 18:31:28
47,，进入软件，点击图片出现黑屏 然后直接关闭软件,"1，进入软件
2，关闭各种广告之后艰难进入主界面。
3，点击游戏圈 -点击如图所示图片 立马出现黑屏 闪退",审核通过,27,2016-05-20 18:31:34
48,不定时，不定点的 弹出各种广告，让人觉得无比压抑，如果不缩减这类广告，这款软件将会被大部分使用者 在短时间之内抛弃,"1。进入软件
2。点击游戏圈  还没有进入界面 就弹出vip英语广告
3，点击主页面右上角》符合 还是会弹出广告
4  广告页面关闭的位置不明显",审核通过,26,2016-05-20 18:34:01
49,点击滚动图片 也会出现 黑屏 闪退现象,"1，进入软件
2，点击进入主页面
3 点击游戏圈-上面滚动图片 继续点击 会出现黑屏 闪退",审核不通过,27,2016-05-20 18:34:21
50,点击游戏赚钱-然后出现闪退,"1，进入软件 
2，关闭广告
3，进入主界面
4 点击赚钱
5 出现闪退",审核不通过,27,2016-05-20 18:34:24
51,点击必备  -出现黑屏 然后闪退,"1，进入软件
2，关闭广告
3，进入主界面
4，找到必备菜单 -点击 出现闪退",审核不通过,27,2016-05-20 18:34:27
52,进入软件，登陆帐号，点广场，点倩女幽魂公测，点右上角分享，点微信分享，分享给朋友和朋友圈，都提示分享失败。,进入软件，登陆帐号，点广场，点倩女幽魂公测，点右上角分享，点微信分享，分享给朋友和朋友圈，都提示分享失败。,审核通过,5,2016-05-20 18:34:36
53,进入软件，首页，上面和下面的几个按钮均显示不全。,进入软件，首页，上面和下面的几个按钮均显示不全。,审核通过,3,2016-05-20 18:35:43
54,进入软件，登陆帐号，点广场，点今日礼包底下《火影忍者》，界面内剩余份数，领取份数均显示不全。,进入软件，登陆帐号，点广场，点今日礼包底下《火影忍者》，界面内剩余份数，领取份数均显示不全。,审核通过,10,2016-05-20 18:35:48
55,进入软件，登陆帐号，点我，点帐户图标，软件出现闪退。,进入软件，登陆帐号，点我，点帐户图标，软件出现闪退。,审核不通过,14,2016-05-20 18:35:52
56,进入软件，登陆帐号，点我，点帐号底下查记录，记录界面内盒币记录，兑换记录显示不全。,进入软件，登陆帐号，点我，点帐号底下查记录，记录界面内盒币记录，兑换记录显示不全。,审核通过,14,2016-05-20 18:35:57
57,进入软件，登陆帐号，点我，我的界面，中间黄色商店两字，显示不全。,进入软件，登陆帐号，点我，我的界面，中间黄色商店两字，显示不全。,审核通过,14,2016-05-20 18:36:07
58,进入软件，登陆帐号，点我，点每日签到，界面内签到规则显示不全。,进入软件，登陆帐号，点我，点每日签到，界面内签到规则显示不全。,审核不通过,17,2016-05-20 18:36:37
59,进入软件，登陆帐号，点我，点赚零花钱，界面出现短暂黑屏然后闪退。,进入软件，登陆帐号，点我，点赚零花钱，界面出现短暂黑屏然后闪退。,审核通过,14,2016-05-20 18:36:43
60,进入软件，登陆帐号，点我，点我的礼包，界面内礼包专区，我的礼包，显示不全。,进入软件，登陆帐号，点我，点我的礼包，界面内礼包专区，我的礼包，显示不全。,审核不通过,10,2016-05-20 18:36:55
61,进入软件，登陆帐号，点我，点我的活动，出现短暂黑屏然后软件闪退。,进入软件，登陆帐号，点我，点我的活动，出现短暂黑屏然后软件闪退。,审核不通过,14,2016-05-20 18:37:04
62,进入软件，登陆帐号，点我，点我的收藏夹，界面内游戏文章帖子均出现显示不全。,进入软件，登陆帐号，点我，点我的收藏夹，界面内游戏文章帖子均出现显示不全。,审核不通过,14,2016-05-20 18:37:12
63,进入软件，登陆帐号，点我，点我的猜你喜欢，出现短暂黑屏软件闪退。,进入软件，登陆帐号，点我，点我的猜你喜欢，出现短暂黑屏软件闪退。,审核不通过,14,2016-05-20 18:37:16
64,进入软件，登陆帐号，点动态，点好友列表，点兴趣相投的好友推荐，我的爱好显示不全。,进入软件，登陆帐号，点动态，点好友列表，点兴趣相投的好友推荐，我的爱好显示不全。,审核不通过,29,2016-05-20 18:37:24
65,点击以后黑屏秒退软件,在我-赚零花钱。点击后就会黑屏一秒，退出软件。华为荣耀4x安卓5.02,审核通过,15,2016-05-20 18:37:30
66,点击以后黑屏秒退软件,我--我的活动。点击后就会黑屏一秒。然后退出软件。华为荣耀4x安卓5.02。退出太快。截图不到黑屏状态。,审核不通过,15,2016-05-20 18:37:33
67,点击后就会黑屏一秒。然后退出软件,我--猜你喜欢。点击后就会黑屏一秒。然后退出软件。华为荣耀4x安卓5.02。退出太快。截图不到黑屏状态。,审核不通过,15,2016-05-20 18:37:36
68,点击后就会黑屏一秒。然后退出软件。,主页。-赚钱。点击后就会黑屏一秒。然后退出软件。华为荣耀4x安卓5.02。退出太快。截图不到黑屏状态。,审核不通过,15,2016-05-20 18:37:39
69,主页上菜单点击后就会黑屏一秒。然后退出软件。,主页-分类-新游抢先鲜。点击后就会黑屏一秒。然后退出软件。华为荣耀4x安卓5.02。退出太快。截图不到黑屏状态。,审核不通过,15,2016-05-20 18:37:43
70,打开app使用微信授权登录，按钮点击无响应,打开app使用微信授权登录，按钮点击无响应,审核通过,18,2016-05-20 18:38:18
71,登录后点击用户头像，应用崩溃退出 。。。。。。,登录后点击用户头像，应用崩溃退出 。。。。。,审核通过,21,2016-05-20 18:38:23
72,app中最上方的广告条挡住了菜单栏，要下拉才能看得到。,app中最上方的广告条挡住了菜单栏，要下拉才能看得到。,审核通过,16,2016-05-20 18:38:29
73,下载app打开使用用户名注册时 用户名默认总是数字的用户名,下载app打开使用用户名注册时 用户名默认总是数字的用户名,审核通过,23,2016-05-20 18:38:34
74,无法完成签到 提示升级为最新版本 但是检查更新提示是最新的,无法完成签到 提示升级为最新版本 但是检查更新提示是最新的,审核通过,17,2016-05-20 18:38:42
75,点击我页面上二维码 闪退啊。。。。。。。。。。,点击我页面上二维码 闪退啊。。。。。。。。。。,审核通过,10,2016-05-20 18:38:47
76,在app中点击赚零花钱 闪退。。。。。。。。,在app中点击赚零花钱 闪退。。。。。。。。,审核不通过,20,2016-05-20 18:38:52
77,app中我的任务页面邀请好友玩游戏盒在点击微信 和微信朋友圈直接提示 分享失败,app中我的任务页面邀请好友玩游戏盒在点击微信 和微信朋友圈直接提示 分享失败,审核通过,5,2016-05-20 18:38:57
78,app中我的任务页面下载应用赚盒币点击进去页面无内容,app中我的任务页面下载应用赚盒币点击进去页面无内容,审核通过,7,2016-05-20 18:39:02
79,在app中找游戏随便点一个游戏进入再点击游戏圈 屏幕先黑一下 再白一下 闪退了,在app中找游戏随便点一个游戏进入再点击游戏圈 屏幕先黑一下 再白一下 闪退了,审核不通过,30,2016-05-20 18:39:11
80,在游戏圈中 无法给好友分享游戏 使用微信会失败的,在游戏圈中 无法给好友分享游戏 使用微信会失败的,审核通过,5,2016-05-20 18:39:16
81,app中点击动态在选择一个文章进入点赞 无法取消,app中点击动态在选择一个文章进入点赞 无法取消,审核通过,28,2016-05-20 18:39:21
82,app中点我在选择我的礼包点击领取礼包在点搜索礼包。再点左上角的二维码 黑屏几秒 在回到我的礼包页面,app中点我在选择我的礼包点击领取礼包在点搜索礼包。再点左上角的二维码 黑屏几秒 在回到我的礼包页面,审核通过,10,2016-05-20 18:39:26
83,app中选择一条自己发送动态点评论 在右上角的菜单键点击无响应 无报错,app中选择一条自己发送动态点评论 在右上角的菜单键点击无响应 无报错,审核通过,29,2016-05-20 18:39:33
84,手机上不安装微信 app登录页面就没有微信那个按钮 亲测 无图,手机上不安装微信 app登录页面就没有微信那个按钮 亲测 无图,审核通过,18,2016-05-20 18:39:38
85,按游戏圈，点击进入网页会出现闪退现象，立刻退回到任务页面,1.打开app2.游戏功能都正常，也能下载安装3.点击游戏圈4.点击进入文章就立刻出现闪退现象,审核通过,30,2016-05-20 18:39:43
86,app经常性出现无反应。继续等待也没有反应,app经常性出现无反应。继续等待也没有反应,审核通过,18,2016-05-20 18:39:49
87,注册-用户名注册，自己还没输入名字直接就弹出一串数字,注册-用户名注册，自己还没输入名字直接就弹出一串数字,审核通过,23,2016-05-20 18:40:29
88,使用qq登录-看到用户名后面比qq名字多了个9a,使用qq登录-看到用户名后面比qq名字多了个9a,审核通过,29,2016-05-20 18:40:35
89,app里面经常弹出一些垃圾广告-中奖了之类的,app里面经常弹出一些垃圾广告-中奖了之类的,审核通过,26,2016-05-20 18:40:40
90,点击我-每日签到-底端显示升级，无法签到，非要升级才能签到,点击我-每日签到-底端显示升级，无法签到，非要升级才能签到,审核通过,17,2016-05-20 18:40:44
91,点击我-赚零花钱-页面跳转异常，跳转到测试界面,点击我-赚零花钱-页面跳转异常，跳转到测试界面,审核通过,9,2016-05-20 18:40:49
92,点击我-猜你喜欢-页面跳转异常，跳转到测试界面,点击我-猜你喜欢-页面跳转异常，跳转到测试界面,审核通过,9,2016-05-20 18:40:54
93,点击广场-全部活动-看不到其他活动，页面跳转到测试界面,点击广场-全部活动-看不到其他活动，页面跳转到测试界面,审核通过,9,2016-05-20 18:40:59
94,点击游戏圈-测试-进入不到界面，页面跳转到测试界面,点击游戏圈-测试-进入不到界面，页面跳转到测试界面,审核不通过,9,2016-05-20 18:41:06
95,动态-给别人点赞后-希望取消，不可以,动态-给别人点赞后-   希望取消，不可以,审核通过,28,2016-05-20 18:41:11
96,动态-外面评论显示281-点击进去看到的又是283，不一致,动态-外面评论显示281-点击进去看到的又是283，不一致,审核通过,29,2016-05-20 18:41:16
97,设置-意见反馈里面，我今天晚上才安装的app，但是小编的信息发送时间是00:08,设置-意见反馈里面，我今天晚上才安装的app，但是小编的信息发送时间是00:08,审核通过,11,2016-05-20 18:41:24
98,1.微信授权登录，按钮点击无响应,1.我 - 登录 - 微信授权登录，按钮点击无响应,审核通过,18,2016-05-20 18:41:50
99,2.微博授权登录，没有获取当当前设备中已登录的微博账户信息,2.微博授权登录，没有获取当当前设备中已登录的微博账户信息,审核通过,18,2016-05-20 18:41:53
100,3.在我 - 点击用户头像，应用崩溃退出 设备信息 红米note3 安卓5.1.1,3.在我 - 点击用户头像，应用崩溃退出 设备信息 红米note3 安卓5.1.1,审核通过,21,2016-05-20 18:41:57
101,4.我 - 上方的广告条挡住了菜单栏，要下拉才能看得到。。,4.我 - 上方的广告条挡住了菜单栏，要下拉才能看得到。。,审核通过,16,2016-05-20 18:42:00
102,5.注册账号 - 使用用户名注册时， 用户名默认总是会有一串数字 不知道是这样设计的还是bug，目的是什么,5.注册账号 - 使用用户名注册时， 用户名默认总是会有一串数字 不知道是这样设计的还是bug，目的是什么,审核通过,23,2016-05-20 18:42:04
103,"6.注册账号成功后，自动登录，并提示“xxxx,欢迎回来”，这个提示不准确，用户是刚注册的新用户第一次登录，何来的欢迎回来?","6.注册账号成功后，自动登录，并提示“xxxx,欢迎回来”，这个提示不准确，用户是刚注册的新用户第一次登录，何来的欢迎回来?",审核通过,23,2016-05-20 18:42:09
104,7.注册账号时，输入密码 “?1?5(?2?9òωó?2?9)?1?6” 可以注册成功，但是进入系统后进入 我 - 设置 - 账号安全 - 修改密码 将密码重置为相同的字符串，确提示密码长度不对,7.注册账号时，输入密码 “?1?5(?2?9òωó?2?9)?1?6” 可以注册成功，但是进入系统后进入 我 - 设置 - 账号安全 - 修改密码 将密码重置为相同的字符串，确提示密码长度不对,审核通过,23,2016-05-20 18:42:13
105,8当前已经是最高版本，但签到时仍然提示，“升级到最高版本，签到更多惊喜” ，这句话很容易造成误解，让用户以为自己使用的不是最高版，但检测更新时又没有更新的版本,8当前已经是最高版本，但签到时仍然提示，“升级到最高版本，签到更多惊喜” ，这句话很容易造成误解，让用户以为自己使用的不是最高版，但检测更新时又没有更新的版本,审核通过,17,2016-05-20 18:42:16
106,9.我 - 上方菜单栏中的 二维码扫描 按钮，点击后程序崩溃退出,"9.我 - 上方菜单栏中的 二维码扫描 按钮，点击后程序崩溃退出
这个按钮要把页面拉下来才能点到。。",审核通过,21,2016-05-20 18:42:21
107,10.我 - 商店 - 选一个物品点兑换 提示盒币不足 - 点赚盒币 屏幕先黑一下 再白一下 然后又返回了 我 页面,10.我 - 商店 - 选一个物品点兑换 提示盒币不足 - 点赚盒币 屏幕先黑一下 再白一下 然后又返回了 我 页面,审核通过,12,2016-05-20 18:42:24
108,11.我 - 我的任务 - 邀请好友玩游戏盒 - 点击微信 和微信朋友圈，提示 分享失败,11.我 - 我的任务 - 邀请好友玩游戏盒 - 点击微信 和微信朋友圈，提示 分享失败,审核通过,5,2016-05-20 18:42:29
109,12.我 - 我的任务 - 下载应用赚盒币 - 页面无内容,12.我 - 我的任务 - 下载应用赚盒币 - 页面无内容,审核通过,7,2016-05-20 18:42:32
110,13.找游戏 -  选一个游戏进入 - 点游戏圈 - 屏幕先黑一下 再白一下 然后又返回了 找游戏 页面。情况与10类似,13.找游戏 -  选一个游戏进入 - 点游戏圈 - 屏幕先黑一下 再白一下 然后又返回了 找游戏 页面。情况与10类似,审核通过,30,2016-05-20 18:42:38
111,14.找游戏 -  选一个游戏进入 - 点右上角分享按钮 选择微信分享 分享给朋友 提示分享失败,14.找游戏 -  选一个游戏进入 - 点右上角分享按钮 选择微信分享 分享给朋友 提示分享失败,审核通过,5,2016-05-20 18:42:42
112,15.动态 - 选择一条自己发送的动态信息 - 点个赞 - 点赞列表里自己的名字 屏幕先黑一下 再白一下 然后又返回了 找游戏 页面,15.动态 - 选择一条自己发送的动态信息 - 点个赞 - 点赞列表里自己的名字 屏幕先黑一下 再白一下 然后又返回了 找游戏 页面,审核不通过,29,2016-05-20 18:42:55
113,16.广场 - 点全部活动 - 应用崩溃 （一共试了4次，有三次崩溃 一次跳到了 我 页面）,16.广场 - 点全部活动 - 应用崩溃 （一共试了4次，有三次崩溃 一次跳到了 我 页面）,审核不通过,21,2016-05-20 18:43:03
114,17.动态 - 选择一条自己发送动态点评论 - 右上角的菜单键点击无响应,17.动态 - 选择一条自己发送动态点评论 - 右上角的菜单键点击无响应,审核通过,29,2016-05-20 18:43:09
115,18.动态 - 好友列表 - 搜索好友 - 输入搜索条件 搜索后 点击列表中的人名，黑一下屏，然后又返回到了好友列表页,18.动态 - 好友列表 - 搜索好友 - 输入搜索条件 搜索后 点击列表中的人名，黑一下屏，然后又返回到了好友列表页,审核不通过,29,2016-05-20 18:43:17
116,点签到，提示最新版本才能签到。,安装运行app。点我，选择新手福利，点签到,审核通过,17,2016-05-20 18:43:22
117,评论点赞后，不能取消点赞。,安装运行app，点动态，选择一个文章进入。点赞,审核通过,28,2016-05-20 18:43:32
118,点个人头像，app自动退出。,安装运行app点我，再点个人头像。app自动退出。,审核不通过,24,2016-05-20 18:43:39
119,个人中心点赚零花钱。app自动退出。,安装运行app点我，再点赚零花钱。app自动退出,审核通过,24,2016-05-20 18:55:18
120,我的任务中第一个邀请好友选择微信朋友圈分享，提示分享失败,安装运行app。点我，选择我的任务，选择第一个任务，选择微信朋友圈分享,审核通过,5,2016-05-20 18:55:27
121,点搜索礼包点左上角的二维码回到我的礼包页面,安装运行app。点我，选择我的礼包，再点领礼包。点搜索礼包。再点左上角的二维码，,审核通过,10,2016-05-20 18:55:33
122,个人中心点猜你喜欢。app自动退出。,安装运行app点我，再点猜你喜欢。app自动退出,审核不通过,24,2016-05-20 18:55:37
123,每日新游里点新游活动时，app回到找游戏页面。,安装运行app。点找游戏，再选择新游进入点新游活动。,审核通过,30,2016-05-20 18:55:42
124,游戏圈中添加订阅圈子，追梦西游4手？字多的游戏名字显示不全,安装运行app。点游戏，然后点右上角添加订阅圈子,审核通过,9,2016-05-20 18:55:47
125,广场中点全部活动，软件自动退出,安装运行app点广场，再点全部活动。app自动退出,审核不通过,24,2016-05-20 18:55:51
126,提示信息点好的，无法关闭当前提示。必须叉掉,安装运行app点广场，点热门活动推荐中的倩女幽魂公测试。然后点马上预约,审核通过,24,2016-05-20 18:55:58
127,点广场中的全部活动，软件自运退出，再次打开app进入广场页面，图片一张也不显示。再点全部活动app退出，再进又正常显示。,安装运行app，点广场中的全部活动，软件自运退出，再次打开app进入广场页面,审核不通过,24,2016-05-20 18:56:06
128,广场中下拉，全部圈子点击，软件自动退出。,安装运行app点广场，再点全部圈子。app自动退出,审核不通过,24,2016-05-20 18:56:09
129,资讯页面，文章后面的热门、视频、独家标签挡住文章内容文字了。,安装app注册登陆，点找游戏，选择资讯进入。   另附上面bug软件自动退出部分录屏：http://pan.baidu.com/s/1i5poarb,审核通过,28,2016-05-20 18:56:17
130,"1进入首页后，点击右下角“我”
2点击“猜你喜欢”闪退","1进入首页后，点击右下角“我”
2点击“猜你喜欢”闪退",审核通过,20,2016-05-20 18:57:19
131,"1注册登陆后，点击右下角“我”
2点击头像进行设置时，闪退","1注册登陆后，点击右下角“我”
2点击头像进行设置时，闪退",审核不通过,20,2016-05-20 18:57:22
132,"1进入首页后，点击左下角“找游戏”
2点击上方“分类”
3点击手机必备，闪退","1进入首页后，点击左下角“找游戏”
2点击上方“分类”
3点击手机必备，闪退",审核不通过,8,2016-05-20 18:57:25
133,"1进入首页后，点击左下角“找游戏”
2点击“网游”
3“网游推荐”里，好些游戏名称没有显示完整","1进入首页后，点击左下角“找游戏”
2点击“网游”
3“网游推荐”里，好些游戏名称没有显示完整",审核通过,8,2016-05-20 18:57:29
134,"1进入首页后，点击左下角“找游戏”
2点击“网游”
3点击新游爆料里“张雨绮代言《倚天屠龙记》手游今日全平台上线”
4内容中的“视频连接：点击查看”无法点击","1进入首页后，点击左下角“找游戏”
2点击“网游”
3点击新游爆料里“张雨绮代言《倚天屠龙记》手游今日全平台上线”
4内容中的“视频连接：点击查看”无法点击",审核通过,8,2016-05-20 18:57:34
135,"1进入首页后，点击左下角“找游戏”
2点击“咨讯”
3点击“一周新鲜感第70期：倩女幽魂”，闪退","1进入首页后，点击左下角“找游戏”
2点击“咨讯”
3点击“一周新鲜感第70期：倩女幽魂”，闪退",审核不通过,8,2016-05-20 18:57:39
136,软件的使用微信快捷登录功能无法使用,"1、通过微任务打开软件，关闭弹出的广告页面
2、点击右下角“我”进入登录界面
3、此时界面无输入账户的入口，继续点击“立即登录”弹出登录界面
4、在此界面下方有快捷登录的入口，分别为qq、微信及微博快捷登录
5、按照从左往右的顺序依次点击进行测试，反复5次测试结果为：
qq：迅速跳转到qq登录入口界面
微信：无任何反应
微博：能正常跳转到微博登录入口界面，跳转反应速度略迟于qq

注：截图反应不出详情，故有视频文件可提供",审核通过,18,2016-05-20 18:57:45
137,点击按钮后游戏平台自动退出,在 找游戏，推荐，必备。点击后就会造成游戏平台退出，有时会黑屏死机。测试手机是三星i9100安卓版本是4.04,审核通过,2,2016-05-20 18:57:55
138,点击后就会造成游戏平台退出,在界面找游戏，推荐，赚钱。如果点击后就会造成游戏平台退出，有时会黑屏死机。测试手机是三星i9100安卓版本是4.04,审核不通过,2,2016-05-20 18:57:59
139,点击后就会造成游戏平台退出,在菜单找游戏，分类，手机必备。如果点击后就会造成游戏平台退出，有时会黑屏死机。测试手机是三星i9100安卓版本是4.04,审核不通过,2,2016-05-20 18:58:02
140,按钮点击后就会造成游戏秒退,在菜单游戏圈，向下翻一会，找到最近热搜按钮。点击后就会造成游戏平台退出，有时会黑屏死机。测试手机是三星i9100安卓版本是4.04,审核不通过,2,2016-05-20 18:58:07
141,广场，全部活动，点击秒退,广场，全部活动。点击后就会造成游戏平台退出，有时会黑屏死机。测试手机是三星i9100安卓版本是4.04,审核不通过,2,2016-05-20 18:58:13
142,广场，全部圈子。点击秒退软件,广场，全部圈子。点击后就会造成游戏平台退出，有时会黑屏死机。测试手机是三星i9100安卓版本是4.04,审核不通过,2,2016-05-20 18:58:17
143,个人，赚零花钱、点击秒退,个人，赚零花钱菜单！点击后就会造成游戏平台退出，有时会黑屏死机。测试手机是三星i9100安卓版本是4.04,审核不通过,2,2016-05-20 18:58:20
144,个人，我的活动。点击秒退,个人，我的活动菜单。点击后就会造成游戏平台退出，有时会黑屏死机。测试手机是三星i9100安卓版本是4.04,审核不通过,2,2016-05-20 18:58:23
145,个人，猜你喜欢。点击秒退,个人，猜你喜欢。点击后就会造成游戏平台退出，有时会黑屏死机。测试手机是三星i9100安卓版本是4.04,审核不通过,2,2016-05-20 18:58:27
146,进入app会跳出广告窗口，影响用户体验,"1.点击app进入
实际：弹出广告窗口，影响用户体验",审核通过,26,2016-05-20 18:58:35
147,页面最上方的广告，字体大小不一致；,"1.点击app进入
2.查看页面最上面的广告
3.左右滑动屏幕查看
实际：字体大小不一致",审核通过,16,2016-05-20 18:58:40
148,找游戏菜单的推荐界面点击赚钱，app闪退；,"1.点击app应用进入
2.点击找游戏---点击推荐----点击赚钱
出现app闪退",审核通过,22,2016-05-20 18:58:49
149,找游戏界面点开任意一款游戏，进入游戏攻略，点击视频攻略，总是黑屏卡顿后返回游戏下载界面。,找游戏界面点开任意一款游戏，进入游戏攻略，点击视频攻略，总是黑屏卡顿后返回游戏下载界面。,审核通过,30,2016-05-20 18:58:58
150,打开app后，点击进入找游戏模块，点击游戏比如穿越火线，进入下载页面进入攻略，视频攻略点击后黑屏卡顿返回游戏下载界面。退出找游戏模块，点击进入我的个人中心，个人中心功能模块功能加载不出不显示。,打开app后，点击进入找游戏模块，点击游戏比如穿越火线，进入下载页面进入攻略，视频攻略点击后黑屏卡顿返回游戏下载界面。退出找游戏模块，点击进入我的个人中心，个人中心功能模块功能加载不出不显示。,审核通过,30,2016-05-20 18:59:03
151,打开游戏盒子，总会弹出广告，进入我的个人中心，每次进入后也会自动跳转到广告，这让用户超级反感，极大的影响用户体验。,打开游戏盒子，总会弹出广告，进入我的个人中心，每次进入后也会自动跳转到广告，这让用户超级反感，极大的影响用户体验。,审核通过,26,2016-05-20 18:59:08
152,登录app，直接进入个人中心，点击开始赚钱，app黑屏崩溃闪退，退回桌面。,登录app，直接进入个人中心，点击开始赚钱，app黑屏崩溃闪退，退回桌面。,审核不通过,6,2016-05-20 18:59:12
153,登录app，直接进入个人中心，点击我的活动，app黑屏崩溃闪退，退回桌面。,登录app，直接进入个人中心，点击我的活动，app黑屏崩溃闪退，退回桌面。,审核不通过,6,2016-05-20 18:59:17
154,登录app，直接进入个人中心，点击猜你喜欢，app黑屏崩溃闪退，退回桌面。,登录app，直接进入个人中心，点击猜你喜欢，app黑屏崩溃闪退，退回桌面。,审核不通过,6,2016-05-20 18:59:20
155,进入软件注册成功并且登陆后点击用户头像出现软件闪退情况。,1.打开该app.2.进入软件注册成功并且登陆后点击用户头像出现软件闪退情况。,审核通过,1,2016-05-20 18:59:26
156,【我】的界面下的【我的任务】点击【邀请好友玩游戏】进入其界面，点击【微信】分享，出现“分享失败”的错误提示信息，无法分享到微信。,1.打开该app.2.【我】的界面下的【我的任务】点击【邀请好友玩游戏】进入其界面，点击【微信】分享，出现“分享失败”的错误提示信息，无法分享到微信。,审核通过,5,2016-05-20 18:59:31
157,【我】的界面下点击【我的活动】后软件出现闪退情况。,1.打开该app.2.【我】的界面下点击【我的活动】后软件出现闪退情况。,审核不通过,1,2016-05-20 18:59:45
158,【我】的界面下点击【猜你喜欢】后软件出现闪退情况。,1.发开该app.2.【我】的界面下点击【猜你喜欢】后软件出现闪退情况。,审核不通过,1,2016-05-20 18:59:49
159,【我】的界面下点击【我的游戏】进入其界面，点击手机里已经存在的“欢乐斗地主”游戏，再点击其右下方的【游戏圈】，点击后软件出现跳转最终跳转到其初始登陆状态，再次出现那个学英语的广告，软件重新登陆。,1.打开该app.2.【我】的界面下点击【我的游戏】进入其界面，点击手机里已经存在的“欢乐斗地主”游戏，再点击其右下方的【游戏圈】，点击后软件出现跳转最终跳转到其初始登陆状态，再次出现那个学英语的广告，软件重新登陆。,审核通过,4,2016-05-20 18:59:58
160,【我】的界面下的【我的任务】点击【下载应用赚盒币】，软件出现黑白屏跳转，最后跳转到英语的那个广告，点击左上角的×号关闭后进入“<赚零花钱”界面，但界面下都是白屏。,1.打开该app.2.【我】的界面下的【我的任务】点击【下载应用赚盒币】，软件出现黑白屏跳转，最后跳转到英语的那个广告，点击左上角的×号关闭后进入“<赚零花钱”界面，但界面下都是白屏。,审核通过,4,2016-05-20 19:00:06
161,【我】的界面下点击【赚零花钱】后软件出现闪退情况。,1.打开该app.2.【我】的界面下点击【赚零花钱】后软件出现闪退情况。,审核不通过,1,2016-05-20 19:00:30
162,"每次进入该app,都自动弹出一个学英语的广告。","1.打开该app.2.每次进入该app,都自动弹出一个学英语的广告。",审核通过,26,2016-05-20 19:00:36
163,【我】的界面中上方的广告把设置图标等按键遮盖住了，且上方的广告无法关闭。,1.打开该app.2.【我】的界面中上方的广告把设置图标等按键遮盖住了，且上方的广告无法关闭。,审核通过,16,2016-05-20 19:00:44
164,不管进入哪个界面上面都有一行黑的。,不管进入哪个界面上面都有一行黑的，如果不是功能错误那就建议去掉。,审核通过,3,2016-05-20 19:00:52
165,点击微信授权登录无反应。,点击微信授权登录无反应，点了10几下都没有进入，但是点击微博授权登录一下子就进入了。,审核通过,18,2016-05-20 19:00:56
166,点击猜你喜欢还有我的收藏每次都黑屏然后闪退出软件。,点击猜你喜欢还有我的收藏每次都黑屏然后闪退出软件，除了点击这2个还有很多也是，点击就黑屏然后闪退出软件。,审核通过,19,2016-05-20 19:01:02
167,不管是首页的找游戏还是我界面，上面都有一栏黑的东西。,不管是首页的找游戏还是我界面，上面都有一栏黑的东西，认为可能是哪个功能错误了才这样显示。,审核通过,3,2016-05-20 19:01:09
168,点击猜你喜欢还有我的收藏等，都会黑屏然后闪退出软件。,点击猜你喜欢还有我的收藏等，大部分内容点击都会黑屏然后闪退出软件。,审核通过,19,2016-05-20 19:01:17
169,点击微信，想使用微信授权登录却无反应。,点击微信，想使用微信授权登录却长久无反应，点击新浪授权登录就一下子进去了。,审核通过,18,2016-05-20 19:01:24
170,游戏广场中，文章详细页面打开app闪退,"设备：魅蓝2
重现步骤：
1.打开app，就去游戏模块；
2.点击文章详细页面；
预期：能够打开文章详细页面；
实际：无法打开文章详细页面，app闪退",审核通过,28,2016-05-20 19:01:30
171,此版本无法进行签到操作,"设备：魅蓝2 重现步骤： 1.打开app，进入签到页面； 2.点击“签到”； 预期：能够签到成功； 实际：签到不成功，提示
需要升级才能签到",审核通过,17,2016-05-20 19:01:35
172,个人中心的“猜你喜欢”app闪退,"设备：魅蓝2 ；登录账号：1258060752 密码：123456
 重现步骤： 1.打开app，登录并进去个人中心； 2.点击“猜你喜欢”； 预期：能够打开猜你喜欢的页面； 实际：无法打开页面，app闪退",审核不通过,6,2016-05-20 19:01:39
173,手机注册之后尝试更换头像，点击头像，页面退出软件，转到了微任务的页面,手机注册之后尝试更换头像，点击头像，页面退出软件，转到了微任务的页面,审核通过,7,2016-05-20 19:01:45
174,点开商店，快速赚盒币，页面直接返回,点开商店，快速赚盒币，     页面直接返回,审核通过,12,2016-05-20 19:01:49
175,每日签到，点击没有反应，没签到成功,每日签到，点击没有反应，      没签到成功,审核通过,17,2016-05-20 19:01:54
176,每日签到，点击下面显示升级，点击升级没有反应,每日签到，点击下面显示升级，点击升级没有反应,审核通过,17,2016-05-20 19:01:59
177,赚零花钱，点击，页面退出软件，转到了微任务的页面,赚零花钱，点击，页面退出软件，转到了微任务的页面,审核不通过,7,2016-05-20 19:02:12
178,每日签到，点击，下面的赚零花钱，页面直接返回,每日签到，点击，下面的赚零花钱，页面直接返回,审核通过,17,2016-05-20 19:02:18
179,我的活动，点击，页面退出软件，转到了微任务的页面,我的活动，点击，页面退出软件，转到了微任务的页面,审核不通过,7,2016-05-20 19:02:23
180,猜你喜欢，点击，页面退出软件，转到了微任务的页面,猜你喜欢，点击，页面退出软件，转到了微任务的页面,审核不通过,7,2016-05-20 19:02:27
181,动态里面评论数为229，里面看到的又是230，,动态里面评论数为229，里面看到的又是230，,审核通过,29,2016-05-20 19:02:33
182,动态里面点赞数为1221，里面看到的又是1223，,动态里面点赞数为1221，里面看到的又是1223，,审核不通过,29,2016-05-20 19:02:44
183,动态里面点赞后不能取消,动 态 里 面 点 赞 后 不 能 取 消,审核通过,28,2016-05-20 19:02:49
184,动态里的文章不能收藏,动  态  里  的 文 章 不 能收藏,审核通过,28,2016-05-20 19:02:55
185,游戏圈里面订阅后看的文章，页面直接退出软件,游戏圈里面订阅后看的文章，页面直接退出软件,审核不通过,28,2016-05-20 19:03:01
186,将游戏特权礼包分享至微信后不成功，显示分享失败,将游戏特权礼包分享至微信后不成功，显示分享失败,审核通过,5,2016-05-20 19:03:07
187,在我的里，点击第二行第三个“我的活动”后黑屏闪退,在我的里，点击第二行第三个“我的活动”后黑屏闪退,审核通过,24,2016-05-20 19:03:12
188,在打开程序后，不久便会弹出广告，挡住界面,在打开程序后，不久便会弹出广告，挡住界面,审核通过,26,2016-05-20 19:03:16
189,点击我的第三行第二个“猜你喜欢”后，黑屏后闪退,点击我的第三行第二个“猜你喜欢”后，黑屏后闪退,审核不通过,19,2016-05-20 19:03:21
190,点击我的游戏，点任意游戏的游戏圈后，黑屏，转回我的界面,点击我的游戏，点任意游戏的游戏圈后，黑屏，转回我的界面,审核不通过,30,2016-05-20 19:03:31
191,将游戏特权礼包分享至微信朋友圈后不成功，显示分享失败,将游戏特权礼包分享至微信朋友圈后不成功，显示分享失败,审核通过,5,2016-05-20 19:03:43
192,在安装设置里，点击安装包下载位置，不能修改下载安装包位置,在安装设置里，点击安装包下载位置，不能修改下载安装包位置,审核通过,23,2016-05-20 19:03:49
193,在我的界面，点击商店，点击兑换提示盒币不足，点赚盒币后黑屏返回我的界面,在我的界面，点击商店，点击兑换提示盒币不足，点赚盒币后黑屏返回我的界面,审核通过,12,2016-05-20 19:04:01
194,在广场，点击全部活动后，黑屏闪退,在广场，点击全部活动后，黑屏闪退。在广场，点击全部活动后，黑屏闪退,审核不通过,24,2016-05-20 19:04:05
195,点击广场，滑到兴趣圈一栏，点击星座测试，黑屏后闪退,点击广场，滑到兴趣圈一栏，点击星座测试，黑屏后闪退,审核不通过,19,2016-05-20 19:04:08
196,在广场，点击大富翁，点击任意用户后黑屏返回广场,在广场，点击大富翁，点击任意用户后黑屏返回广场,审核不通过,12,2016-05-20 19:04:11
197,在动态里，点击任意用户头像后黑屏返回动态,在动态里，点击任意用户头像后黑屏返回动态,审核不通过,29,2016-05-20 19:04:24
198,在游戏圈里点击任意一个帖，都会黑屏后闪退,在游戏圈里点击任意一个帖，都会黑屏后闪退,审核不通过,19,2016-05-20 19:04:27
199,1 我→点出头像，出现黑屏，然后软件停止运行退出。,1 我→点出头像，出现黑屏，然后软件停止运行退出。,审核不通过,15,2016-05-20 19:04:40
200,2 我→每日签到，签到点击无效，提示升级到最新版本。（已是最新版本）,2 我→每日签到，签到点击无效，提示升级到最新版本。（已是最新版本）,审核通过,17,2016-05-20 19:04:46
201,3 我→右上角有“扫一扫，帮助，设置”三个图标，被顶部黑条挡住，下拉页面才能看到，无法使用。,3 我→右上角有“扫一扫，帮助，设置”三个图标，被顶部黑条挡住，下拉页面才能看到，无法使用。,审核通过,16,2016-05-20 19:04:54
202,4 找游戏→界面不能与手机屏幕适配，上方出现黑条。,4 找游戏→界面不能与手机屏幕适配，上方出现黑条。,审核通过,30,2016-05-20 19:04:59
203,5 找游戏，游戏圈，动态等界面，点击其中的内容，均多次出现黑屏，手机卡死。（需要拨手机电池，不测了）,5 找游戏，游戏圈，动态等界面，点击其中的内容，均多次出现黑屏，手机卡死。（需要拨手机电池，不测了）,审核通过,30,2016-05-20 19:05:03
204,在我界面上面有一栏黑的东西。,在我界面包括别的界面，上面有一栏黑的东西，如果不是bug，建议去掉。,审核通过,3,2016-05-20 19:05:10
205,在我界面点猜你喜欢或我的收藏等，都会黑屏，然后闪退出软件。,在我界面点猜你喜欢或我的收藏等，都会黑屏，然后闪退出软件。,审核通过,19,2016-05-20 19:05:18
206,点击微信，想要使用微信授权登录无反应。,点击微信，想要使用微信授权登录无反应，点了十几下还是不出来授权界面。,审核通过,18,2016-05-20 19:05:24
207,没有微信时登录就不会出现微信授权登录的按钮，但是没有qq时，qq授权的按钮还在。,没有微信时登录就不会出现微信授权登录的按钮，但是没有qq时，qq授权的按钮还在，建议就算没有微信时也添加一个微信授权登录按钮。,审核通过,18,2016-05-20 19:05:30
208,bug等级：p0。无法利用微信进行登录。,"1.安装并打开app。
2.点击我，立即登录。
3.选择用微信方式进行登录，点击微信图标后无反应。",审核通过,18,2016-05-20 19:05:37
209,bug等级：p2。密码要求6-20个字符，输入三个字符也可以注册，与描述不符。,1.安装并打开app。 2.点击我，立即登录。 3.点击注册，输入手机号码，密码。密码位数为三位，点击下一步。,审核通过,23,2016-05-20 19:05:42
210,bug等级：p0。验证码输入注册后，app自动结束退出至桌面。,"1.安装并打开app。
2.在我的中进行注册操作。
3.输入手机号、验证码，点击注册，app被自动结束。",审核通过,11,2016-05-20 19:05:47
211,bug等级：p0。在我的中点击个人头像，app自动结束。,1.安装并打开app。 2.在我的中进行注册操作。 3.输入手机号、验证码，点击注册，app被自动结束。3.app打开自动登录，点击我，点击个人头像，app自动结束。,审核不通过,11,2016-05-20 19:06:02
212,bug等级：p0。商店中的赚合币，点击后app自动返回至“我”页面。,"1.安装并打开app，注册登录。
2.点击我，商店，兑换。
3.提示金额不足，点击赚合币，app自动返回至“我”页面。",审核通过,11,2016-05-20 19:06:07
213,bug等级：p0。在我模块中点击赚零花钱，app自动结束。,1.安装并打开app，注册登录。 2.点击我，进入我的页面。3.点击赚零花钱，app自动结束。,审核不通过,11,2016-05-20 19:06:14
214,bug等级：p1。在我的签到中，点击下方《巅峰战舰》文章进行收藏，在我的收藏中无法查看。,1.安装并打开app，注册登录。 2.点击我，进入我的页面。3.点击我的签到，对下方《巅峰战舰》文章进行收藏。4.返回至我，点击我的收藏，其中无任何内容。,审核通过,17,2016-05-20 19:06:22
215,bug等级：p0。点击我的活动，app自动结束。,1.安装并打开app，注册登录。 2.点击我，进入我的页面。3.点击我的活动，app自动结束。,审核不通过,11,2016-05-20 19:06:26
216,bug等级：p0。扫描名片功能，app自动结束。,1.安装并打开app，注册登录。 2.点击动态，好友列表。3.点击右上角菜单，选择扫描名片。4.app自动结束。,审核不通过,11,2016-05-20 19:06:30
217,bug等级：p0。点击文章中页面下方的游戏圈，app自动结束。,"1.安装并打开app，注册登录。 2.点击找游戏，选择其中的一篇文章。
3.点击文章中页面下方的游戏圈，app自动结束。",审核不通过,11,2016-05-20 19:06:37
218,bug等级：p0。点击分类app中的手机必备，app自动结束。,1.安装并打开app，注册登录。 2.点击找游戏，分类。3.点击分类app中的手机必备，app自动结束。,审核不通过,11,2016-05-20 19:06:44
219,进入软件注册成功并且登陆后点击用户头像出现软件闪退情况。,"1.进入软件，注册成功并且登陆后，点击【我】进入其界面；
2.点击用户头像出现软件闪退情况。",审核通过,1,2016-05-20 19:06:50
220,【我】的界面下点击【猜你喜欢】后软件出现闪退情况。,"1.进入软件，点击进入【我】的界面；
2.点击【我】的界面中的【猜你喜欢】后出现闪退情况。",审核不通过,1,2016-05-20 19:07:41
221,【我】的界面下点击【我的活动】后软件出现闪退情况。,1.进入软件，点击进入【我】的界面； 2.点击【我】的界面中的【我的活动】后出现闪退情况。,审核不通过,1,2016-05-20 19:07:44
222,【我】的界面下点击【我的游戏】进入其界面，点击手机里已经存在的“英雄杀”游戏右下方的【游戏圈】，点击后软件出现跳转最终跳转到其初始登陆状态，再次出现那个学英语的广告，软件重新登陆。,"1进入软件，点【我】进入其界面；
2.点击【我的游戏】进入其界面；
3.点击手机里已经存在的“英雄杀”游戏的右下方的【游戏圈】，点击后软件出现跳转最终跳转到其初始登陆状态，再次出现那个学英语的广告，软件重新登陆。",审核通过,4,2016-05-20 19:07:49
223,【我】的界面下的【我的任务】点击【邀请好友玩游戏】进入其界面，点击【微信】分享，出现“分享失败”的错误提示信息，无法分享到微信。,"1.进入软件，点击进入【我】的界面；
2.进入后点击【我的任务】；
3.进入其界面点击【邀请好友玩游戏】进入其界面，点击【微信】分享，出现“分享失败”的错误提示信息，无法分享到微信。",审核通过,5,2016-05-20 19:09:37
224,【我】的界面下的【我的任务】点击【邀请好友玩游戏】进入其界面，点击【微信朋友圈】分享，出现“分享失败”的错误提示信息，无法分享到微信朋友圈。,1.进入软件，点击进入【我】的界面； 2.进入后点击【我的任务】； 3.进入其界面点击【邀请好友玩游戏】进入其界面，点击【微信朋友圈】分享，出现“分享失败”的错误提示信息，无法分享到微信朋友圈。,审核不通过,5,2016-05-20 19:09:46
225,【我】的界面下的【我的任务】点击【下载应用赚盒币】，软件出现黑白屏跳转，最后跳转到英语的那个广告，点击左上角的×号关闭后进入“<赚零花钱”界面，但界面下都是白屏。,"1.进入软件，点击【我】进入其界面；
2.【我】的界面下的【我的任务】点击【下载应用赚盒币】；
3.软件出现黑白屏跳转，最后跳转到英语的那个广告，点击左上角的×号关闭后进入“<赚零花钱”界面，但界面下都是白屏。",审核通过,4,2016-05-20 19:09:51
226,【我】的界面下点击【赚零花钱】后软件出现闪退情况。,1.进入软件，点击进入【我】的界面； 2.点击【我】的界面中的【赚零花钱】后出现闪退情况。,审核不通过,1,2016-05-20 19:09:55
227,【我】的界面的上方的广告把设置图标等按键遮盖住了，且上方的广告无法关闭。,"1.进入软件，点击【我】进入其界面；
2.【我】的界面上方的广告把设置图标等按键遮盖住了，且上方的广告无法关闭。",审核通过,16,2016-05-20 19:10:00
228,【找游戏】界面中的【必备】按键点击后，软件出现闪退。,"1.进入软件，点击【找游戏】进入其界面；
2.点击【必备】软件出现闪退。",审核不通过,22,2016-05-20 19:10:03
229,【找游戏】界面中的【赚钱】按键点击后，软件出现闪退。,1.进入软件，点击【找游戏】进入其界面； 2.点击【赚钱】软件出现闪退。,审核不通过,22,2016-05-20 19:10:07
230,【消息管理】中点击【关注我的人】进入后，点击关注我的用户软件立马出现闪退。,"1.进入软件，点击【关注我的人】进入其界面；
2.点击关注我的用户软件立马出现闪退。",审核不通过,27,2016-05-20 19:10:10
231,【广场】中的【交友爆照】点击后软件会出现闪退,"1.进入软件，点击【广场】进入其界面；
2.点击【交友爆照】点击后软件会出现闪退。",审核不通过,27,2016-05-20 19:10:13
232,【广场】中的【爆笑一刻】点击后软件会出现闪退,"1.进入软件，点击【广场】进入其界面； 
2.点击【爆笑一刻】点击后软件会出现闪退。",审核不通过,27,2016-05-20 19:10:16
233,【广场】中的【星座测试】点击后软件会出现闪退,1.进入软件，点击【广场】进入其界面； 2.点击【星座测试】点击后软件会出现闪退。,审核不通过,27,2016-05-20 19:10:19
234,【广场】界面里中间的“查看更多活动（61）”点击后软件会出现闪退。,"1.进入软件，点击【广场】进入其界面； 
2.点击“查看更多活动（61）”点击后软件会出现闪退。",审核不通过,27,2016-05-20 19:10:22
235,【广场】界面里中间的“”点击后软件会出现闪退。,1.进入软件，点击【广场】进入其界面； 2.点击“全部圈子”点击后软件会出现闪退。,审核不通过,27,2016-05-20 19:10:26
236,第三方软件登录失败！,在登录界面点击qq，没有出现登录界面！手机型号魅蓝2 。,审核通过,18,2016-05-20 19:10:31
237,第三方软件登录失败！,在登录界面点击微信，没有出现登录界面！手机型号魅蓝2 。,审核不通过,18,2016-05-20 19:10:39
238,第三方软件登录失败！,在登录界面点击微博，没有出现登录界面！手机型号魅蓝2 。,审核不通过,18,2016-05-20 19:10:45
239,在每日签到里面点击签到，要求升级到最新版本！,在每日签到里面点击签到，要求升级到最新版本！手机型号魅蓝2 。,审核通过,17,2016-05-20 19:11:05
240,点击游戏界面的“必备”，软件黑屏，然后闪退！,点击游戏界面的“必备”，软件黑屏，然后闪退！手机型号魅蓝2 。,审核不通过,20,2016-05-20 19:11:09
241,点击游戏界面的“赚钱”，软件黑屏，然后闪退！,点击游戏界面的“赚钱”，软件黑屏，然后闪退！手机型号魅蓝2 。,审核不通过,20,2016-05-20 19:11:12
242,进入一个游戏界面，点击右下角的“游戏圈”，软件黑屏，然后闪退！,进入一个游戏界面，点击右下角的“游戏圈”，软件黑屏，然后闪退！手机型号魅蓝2 。,审核不通过,20,2016-05-20 19:11:17
243,点击每日新游里面的新游活动，软件黑屏，然后闪退！,点击每日新游里面的新游活动，软件黑屏，然后闪退！手机型号魅蓝2 。,审核不通过,20,2016-05-20 19:11:20
244,点击每日新游里面的手机必备，软件黑屏，然后闪退！,点击每日新游里面的手机必备，软件黑屏，然后闪退！手机型号魅蓝2 。,审核不通过,20,2016-05-20 19:11:23
245,调节一篇文章的字体，文章字体无变化！,调节一篇文章的字体，文章字体无变化！手机型号魅蓝2 。,审核通过,28,2016-05-20 19:11:29
246,点击“我”界面的“赚零花钱”，软件黑屏，然后闪退！,点击“我”界面的“赚零花钱”，软件黑屏，然后闪退！手机型号魅蓝2 。,审核不通过,20,2016-05-20 19:11:35
247,点击“我”界面的“我的活动”，软件黑屏，然后闪退！,点击“我”界面的“我的活动”，软件黑屏，然后闪退！手机型号魅蓝2 。,审核不通过,20,2016-05-20 19:11:38
248,点击“我”界面的“猜你喜欢”，软件黑屏，然后闪退！,点击“我”界面的“猜你喜欢”，软件黑屏，然后闪退！手机型号魅蓝2 。,审核不通过,20,2016-05-20 19:11:43
249,点击“我”界面的“头像”，软件黑屏，然后闪退！,点击“我”界面的“头像”，软件黑屏，然后闪退！手机型号魅蓝2 。,审核不通过,20,2016-05-20 19:11:46
250,分享到第三方软件不成功！,进入一个游戏，分享到qq空间，没有出现分享界面！手机型号魅蓝2 。,审核通过,5,2016-05-20 19:11:52
251,分享到第三方软件不成功！,进入一个游戏，分享到qq，没有出现分享界面！手机型号魅蓝2 。,审核不通过,5,2016-05-20 19:12:03
252,分享到第三方软件不成功！,进入一个游戏，分享到微信好友，没有出现分享界面！手机型号魅蓝2 。,审核不通过,5,2016-05-20 19:12:06
253,分享到第三方软件不成功！,进入一个游戏，分享到微信朋友圈，没有出现分享界面！手机型号魅蓝2 。,审核不通过,5,2016-05-20 19:12:09
254,分享到第三方软件不成功！,进入一个游戏，分享到新浪微博，没有出现分享界面！手机型号魅蓝2 。,审核不通过,5,2016-05-20 19:12:12
255,主页上分类-手机必备。点击就黑屏一秒退出软件,主页-分类-手机必备。点击后就会黑屏一秒。然后退出软件。华为荣耀4x安卓5.02。退出太快。截图不到黑屏状态。,审核不通过,15,2016-05-20 19:12:22
